dimension,subgroup,count,mean_total_score,rate_average,rate_excellent,rate_failing,disparate_impact_vs_max_excellent
gender,female,518,208.70849420849422,0.40733590733590735,0.5173745173745173,0.07528957528957529,1.0
gender,male,482,197.5124481327801,0.470954356846473,0.3962655601659751,0.13278008298755187,0.7659162692760265
race/ethnicity,group A,89,188.97752808988764,0.5393258426966292,0.2808988764044944,0.1797752808988764,0.45202118042102546
race/ethnicity,group B,190,196.40526315789472,0.47368421052631576,0.38421052631578945,0.14210526315789473,0.6182698124621899
race/ethnicity,group C,319,201.3949843260188,0.45454545454545453,0.445141065830721,0.10031347962382445,0.7163189565092062
race/ethnicity,group D,262,207.5381679389313,0.42366412213740456,0.5038167938931297,0.07251908396946564,0.810739668333772
race/ethnicity,group E,140,218.25714285714287,0.3142857142857143,0.6214285714285714,0.06428571428571428,1.0
