,mean,ci_low,ci_high
math score,66.089,65.161775,66.961175
reading score,69.169,68.23679999999999,70.072
writing score,68.054,67.1579,68.973125
total_score,203.312,200.660725,205.9
average_score,67.77066666666666,66.89186666666666,68.65674166666665
